{
  "color_path": {
    "colors": [
      [
        0.023379001766443253,
        0.03797164559364319,
        0.10887891799211502
      ],
      [
        0.03774700176644325,
        0.04976064559364319,
        0.02833691799211502
      ],
      [
        0.05769300176644325,
        0.06250664559364319,
        0.02342791799211502
      ],
      [
        0.17750780656933784,
        0.09546167403459549,
        0.015574663877487183
      ]
    ],
    "base_color": [
      0.023379001766443253,
      0.03797164559364319,
      0.10887891799211502
    ],
    "relative_colors": [
      [
        0.0,
        0.0,
        0.0
      ],
      [
        0.014368,
        0.011789,
        -0.080542
      ],
      [
        0.034314,
        0.024535,
        -0.085451
      ],
      [
        0.1541288048028946,
        0.0574900284409523,
        -0.09330425411462784
      ]
    ],
    "relative_distances": [
      0.0,
      0.3572952826633751,
      0.4617902342462051,
      1.0
    ],
    "equidistant_distances": [
      0.0,
      0.3333333333333333,
      0.6666666666666666,
      1.0
    ],
    "mode": "rgb",
    "name": "Color Path for Label 7"
  },
  "color_mode": "relative",
  "values": [
    0.0,
    0.3333333333333333,
    0.6666666666666666,
    1.0
  ],
  "ignore_spectrum": null
}