{"colors": [[0.10859355330467224, 0.3457270562648773, 0.7472503185272217], [0.20871457159519202, 0.3517189204692841, 0.49031454920768736], [0.6971111595630646, 0.5967293679714203, 0.21972203254699707], [0.7804267108440399, 0.6045588254928589, 0.47921204566955566]], "base_color": [0.10859355330467224, 0.3457270562648773, 0.7472503185272217], "relative_colors": [[0.0, 0.0, 0.0], [0.10012101829051978, 0.005991864204406783, -0.2569357693195343], [0.5885176062583923, 0.25100231170654297, -0.5275282859802246], [0.6718331575393677, 0.25883176922798157, -0.268038272857666]], "relative_distances": [0.0, 0.2381429414443532, 0.7645934420105182, 1.0], "equidistant_distances": [0.0, 0.3333333333333333, 0.6666666666666666, 1.0], "mode": "rgb", "name": "Color Path for Label 3"}