{"colors": [[0.17338912189006805, 0.2891223728656769, 0.3826535642147064], [0.42338912189006805, 0.5165403728656769, -0.12369343578529357], [0.7628568261861801, 0.525369182229042, 0.1508522480726242], [0.7816696017980576, 0.5460509955883026, 0.17633196711540222]], "base_color": [0.17338912189006805, 0.2891223728656769, 0.3826535642147064], "relative_colors": [[0.0, 0.0, 0.0], [0.25, 0.227418, -0.506347], [0.5894677042961121, 0.23624680936336517, -0.23180131614208221], [0.6082804799079895, 0.25692862272262573, -0.2063215970993042]], "relative_distances": [0.0, 0.5619712863933766, 0.96508126793284, 1.0], "equidistant_distances": [0.0, 0.3333333333333333, 0.6666666666666666, 1.0], "mode": "rgb", "name": "Color Path for Label 4"}