{"colors": [[0.052893511950969696, 0.07429961860179901, 0.15834559500217438], [0.23452451080083847, 0.0802914828062058, 0.062458339333534285], [0.7235843941569329, 0.39392202794551845, 0.14298259615898135], [0.8506042882800102, 0.7561260312795639, 0.559358760714531]], "base_color": [0.052893511950969696, 0.07429961860179901, 0.15834559500217438], "relative_colors": [[0.0, 0.0, 0.0], [0.18163099884986877, 0.005991864204406783, -0.09588725566864009], [0.6706908822059632, 0.31962240934371944, -0.015362998843193032], [0.7977107763290405, 0.6818264126777649, 0.40101316571235657]], "relative_distances": [0.0, 0.15127235449201984, 0.5830864320395162, 1.0], "equidistant_distances": [0.0, 0.3333333333333333, 0.6666666666666666, 1.0], "mode": "rgb", "name": "Color Path for Label 6"}