{"colors": [[0.0, 0.0, 0.0], [-0.06289894282817843, 0.005991864204406783, -0.015362998843193032], [-0.06289894282817843, -0.07241577208042149, -0.09588725566864009], [-0.14440892338752748, -0.15082340836524966, -0.09588725566864009]], "base_color": [0.0, 0.0, 0.0], "relative_colors": [[0.0, 0.0, 0.0], [-0.06289894282817843, 0.005991864204406783, -0.015362998843193032], [-0.06289894282817843, -0.07241577208042149, -0.09588725566864009], [-0.14440892338752748, -0.15082340836524966, -0.09588725566864009]], "relative_distances": [0.0, 0.22382417855491094, 0.6106930147609305, 1.0], "equidistant_distances": [0.0, 0.3333333333333333, 0.6666666666666666, 1.0], "mode": "rgb", "name": "Color Path for Label 1"}