{
  "color_path": {
    "colors": [
      [
        0.08519595861434937,
        0.28503069281578064,
        0.7130026817321777
      ],
      [
        0.1959998905658722,
        0.3031749278306961,
        0.5363482475280762
      ],
      [
        0.7253026723861695,
        0.5643415749073029,
        0.2768184095621109
      ],
      [
        0.989954063296318,
        0.6513971239328384,
        0.017288571596145608
      ]
    ],
    "base_color": [
      0.08519595861434937,
      0.28503069281578064,
      0.7130026817321777
    ],
    "relative_colors": [
      [
        0.0,
        0.0,
        0.0
      ],
      [
        0.11080393195152283,
        0.018144235014915466,
        -0.17665443420410154
      ],
      [
        0.6401067137718202,
        0.2793108820915222,
        -0.43618427217006683
      ],
      [
        0.9047581046819686,
        0.3663664311170578,
        -0.6957141101360321
      ]
    ],
    "relative_distances": [
      0.0,
      0.16950925229074404,
      0.6916559505148713,
      1.0
    ],
    "equidistant_distances": [
      0.0,
      0.3333333333333333,
      0.6666666666666666,
      1.0
    ],
    "mode": "rgb",
    "name": "Color Path for Label 4"
  },
  "color_mode": "relative",
  "values": [
    0.0,
    0.3333333333333333,
    0.6666666666666666,
    1.0
  ],
  "ignore_spectrum": null
}