{
  "color_path": {
    "colors": [
      [
        0.14871591329574585,
        0.21241725981235504,
        0.21240749955177307
      ],
      [
        0.23811767101287845,
        0.2993123322725296,
        0.15958575308322903
      ],
      [
        0.5872829132957458,
        0.41272825981235506,
        0.11240749955177307
      ],
      [
        0.8200595438480378,
        0.4694365441799164,
        0.051659926772117615
      ]
    ],
    "base_color": [
      0.14871591329574585,
      0.21241725981235504,
      0.21240749955177307
    ],
    "relative_colors": [
      [
        0.0,
        0.0,
        0.0
      ],
      [
        0.0894017577171326,
        0.08689507246017458,
        -0.05282174646854404
      ],
      [
        0.438567,
        0.200311,
        -0.1
      ],
      [
        0.671343630552292,
        0.2570192843675614,
        -0.16074757277965546
      ]
    ],
    "relative_distances": [
      0.0,
      0.17988537612342728,
      0.6716317043962644,
      1.0
    ],
    "equidistant_distances": [
      0.0,
      0.3333333333333333,
      0.6666666666666666,
      1.0
    ],
    "mode": "rgb",
    "name": "Color Path for Label 4"
  },
  "color_mode": "relative",
  "values": [
    0.0,
    0.3333333333333333,
    0.6666666666666666,
    1.0
  ],
  "ignore_spectrum": null
}