{
    "min_color": [
        -0.567103922367096,
        -0.5518104434013367,
        -0.7566887140274048
    ],
    "max_color": [
        0.8107594847679138,
        0.7217450141906738,
        0.5500032305717468
    ],
    "color_mode": "RELATIVE"
}