supports,values
0.0,0.0
0.333333333333,0.0407841905404
0.666666666667,0.217527843525
1.0,0.64
