supports,values
0.0,0.0
0.333333333333,0.42
0.666666666667,0.65
1.0,0.72
