supports,values
0.0,0.0
0.333333333333,0.18
0.666666666667,0.66
1.0,1.0
