supports,values
0.0,0.0
0.333333333333,0.3
0.666666666667,0.579191168049
1.0,1.14215414068
