supports,values
0.0,0.0
0.333333333333,0.0592619311336
0.666666666667,0.0948145026202
1.0,0.45
