supports,values
0.0,0.0
0.333333333333,0.14
0.666666666667,0.39
1.0,0.458326981864
