{
  "color_path": {
    "colors": [
      [
        0.0,
        0.0,
        0.0
      ],
      [
        0.031207570433616605,
        -0.026521068811416637,
        -0.05282174646854404
      ],
      [
        0.031207570433616605,
        -0.026521068811416637,
        0.001141166687011752
      ],
      [
        0.0894017577171326,
        0.08689507246017458,
        0.10906699299812317
      ]
    ],
    "base_color": [
      0.0,
      0.0,
      0.0
    ],
    "relative_colors": [
      [
        0.0,
        0.0,
        0.0
      ],
      [
        0.031207570433616605,
        -0.026521068811416637,
        -0.05282174646854404
      ],
      [
        0.031207570433616605,
        -0.026521068811416637,
        0.001141166687011752
      ],
      [
        0.0894017577171326,
        0.08689507246017458,
        0.10906699299812317
      ]
    ],
    "relative_distances": [
      0.0,
      0.23221770680812642,
      0.41970096812664187,
      1.0
    ],
    "equidistant_distances": [
      0.0,
      0.3333333333333333,
      0.6666666666666666,
      1.0
    ],
    "mode": "rgb",
    "name": "Color Path for Label 1"
  },
  "color_mode": "relative",
  "values": [
    0.0,
    0.3333333333333333,
    0.6666666666666666,
    1.0
  ],
  "ignore_spectrum": null
}