supports,values
0.0,0.0
0.333333333333,0.036192198367
0.666666666667,0.0492231777645
1.0,0.0724784462582
