supports,values
0.0,0.0
0.333333333333,0.129185188016
0.666666666667,0.267098846946
1.0,0.456247968379
