{
    "min_color": [
        -0.6816332936286926,
        -0.6711808443069458,
        -0.7934266328811646
    ],
    "max_color": [
        0.9957445859909058,
        0.970017671585083,
        0.8462856411933899
    ],
    "color_mode": "RELATIVE"
}