{
    "min_color": [
        -0.6613059043884277,
        -0.6111747026443481,
        -0.5705613493919373
    ],
    "max_color": [
        0.8015835285186768,
        0.5400412678718567,
        0.32816097140312195
    ],
    "color_mode": "RELATIVE"
}