{"colors": [[0.0521974079310894, 0.20625004172325134, 0.4261360168457031], [0.1182176060974598, 0.27072662115097046, 0.19453248381614685], [0.46458179876208305, 0.4074174761772156, 0.004494994878768921], [0.5911566726863384, 0.4863399863243103, -0.015919536352157593]], "base_color": [0.0521974079310894, 0.20625004172325134, 0.4261360168457031], "relative_colors": [[0.0, 0.0, 0.0], [0.06602019816637039, 0.06447657942771912, -0.23160353302955627], [0.41238439083099365, 0.20116743445396423, -0.4216410219669342], [0.538959264755249, 0.28008994460105896, -0.4420555531978607]], "relative_distances": [0.0, 0.3048123504499543, 0.8159291599010228, 1.0], "equidistant_distances": [0.0, 0.3333333333333333, 0.6666666666666666, 1.0], "mode": "rgb", "name": "Color Path for Label 6"}