supports,values
0.0,0.0
0.333333333333,0.11
0.666666666667,0.16
1.0,0.44
