supports,values
0.0,0.0
0.333333333333,0.0276199721423
0.666666666667,0.237158622903
1.0,0.443573110813
