supports,values
0.0,0.0
0.333333333333,0.0944511802518
0.666666666667,0.342115427518
1.0,0.443573110813
