{"colors": [[0.0, 0.0, 0.0], [0.04145930409431464, -0.01598578691482544, -0.08971152007579797], [0.04145930409431464, 0.05372052788734438, 0.11185685396194456], [0.32524266839027405, 0.33254578709602356, 0.3134252279996872]], "base_color": [0.0, 0.0, 0.0], "relative_colors": [[0.0, 0.0, 0.0], [0.04145930409431464, -0.01598578691482544, -0.08971152007579797], [0.04145930409431464, 0.05372052788734438, 0.11185685396194456], [0.32524266839027405, 0.33254578709602356, 0.3134252279996872]], "relative_distances": [0.0, 0.13183442525024147, 0.41269533096788946, 1.0], "equidistant_distances": [0.0, 0.3333333333333333, 0.6666666666666666, 1.0], "mode": "rgb", "name": "Color Path for Label 2"}