{"colors": [[0.05701665207743645, 0.1885668784379959, 0.41808760166168213], [0.0965406596660614, 0.2250751256942749, 0.3109196797013283], [0.374234925955534, 0.3572302311658859, 0.1538344919681549], [0.4603765420615673, 0.40475672483444214, 0.15932762622833252]], "base_color": [0.05701665207743645, 0.1885668784379959, 0.41808760166168213], "relative_colors": [[0.0, 0.0, 0.0], [0.039524007588624954, 0.03650824725627899, -0.10716792196035385], [0.31721827387809753, 0.16866335272789001, -0.2642531096935272], [0.40335988998413086, 0.21618984639644623, -0.2587599754333496]], "relative_distances": [0.0, 0.21269884700320965, 0.8252244549014055, 1.0], "equidistant_distances": [0.0, 0.3333333333333333, 0.6666666666666666, 1.0], "mode": "rgb", "name": "Color Path for Label 3"}