{"colors": [[0.027719616889953613, 0.045070841908454895, 0.13811375200748444], [0.11395560204982758, 0.08578864857554436, 0.06425807625055313], [0.496290385723114, 0.3350510150194168, 0.05969010293483734], [0.5178919434547424, 0.4897408038377762, 0.3935144394636154]], "base_color": [0.027719616889953613, 0.045070841908454895, 0.13811375200748444], "relative_colors": [[0.0, 0.0, 0.0], [0.08623598515987396, 0.04071780666708946, -0.0738556757569313], [0.4685707688331604, 0.2899801731109619, -0.0784236490726471], [0.4901723265647888, 0.4446699619293213, 0.255400687456131]], "relative_distances": [0.0, 0.12755790394503447, 0.6102449310859112, 1.0], "equidistant_distances": [0.0, 0.3333333333333333, 0.6666666666666666, 1.0], "mode": "rgb", "name": "Color Path for Label 5"}