{"colors": [[0.0, 0.0, 0.0], [0.11240514516830447, -0.01598578691482544, 0.04466739594936375], [0.2542968273162841, 0.26283947229385374, 0.24623576998710628], [0.4671343505382537, 0.4719584167003632, 0.4478041440248488]], "base_color": [0.0, 0.0, 0.0], "relative_colors": [[0.0, 0.0, 0.0], [0.11240514516830447, -0.01598578691482544, 0.04466739594936375], [0.2542968273162841, 0.26283947229385374, 0.24623576998710628], [0.4671343505382537, 0.4719584167003632, 0.4478041440248488]], "relative_distances": [0.0, 0.14282231608504553, 0.5784821782345057, 1.0], "equidistant_distances": [0.0, 0.3333333333333333, 0.6666666666666666, 1.0], "mode": "rgb", "name": "Color Path for Label 1"}