{"colors": [[0.0475824736058712, 0.16211971640586853, 0.4100109338760376], [0.24268799647688866, 0.24400152266025543, 0.1911347657442093], [0.3483319543302059, 0.28702497482299805, 0.15260273218154907], [0.3874553106725216, 0.3427921384572983, 0.1961967647075653]], "base_color": [0.0475824736058712, 0.16211971640586853, 0.4100109338760376], "relative_colors": [[0.0, 0.0, 0.0], [0.19510552287101746, 0.0818818062543869, -0.2188761681318283], [0.3007494807243347, 0.12490525841712952, -0.2574082016944885], [0.3398728370666504, 0.18067242205142975, -0.2138141691684723]], "relative_distances": [0.0, 0.6019880029643048, 0.8400720562257581, 1.0], "equidistant_distances": [0.0, 0.3333333333333333, 0.6666666666666666, 1.0], "mode": "rgb", "name": "Color Path for Label 4"}