{
    "min_color": [
        -0.6711865663528442,
        -0.7179610133171082,
        -0.7253698110580444
    ],
    "max_color": [
        0.8107446432113647,
        0.7635778188705444,
        0.6770927309989929
    ],
    "color_mode": "RELATIVE"
}