{
  "color_path": {
    "colors": [
      [
        0.4653559625148773,
        0.5623018145561218,
        0.6421118974685669
      ],
      [
        0.5457445979118347,
        0.5896629020571709,
        0.618701471015811
      ],
      [
        0.5716534703969955,
        0.6073501668870449,
        0.6140394248068333
      ],
      [
        0.6153559625148773,
        0.6123018145561219,
        0.6496628974685669
      ]
    ],
    "base_color": [
      0.4653559625148773,
      0.5623018145561218,
      0.6421118974685669
    ],
    "relative_colors": [
      [
        0.0,
        0.0,
        0.0
      ],
      [
        0.0803886353969574,
        0.027361087501049042,
        -0.023410426452755928
      ],
      [
        0.10629750788211823,
        0.04504835233092308,
        -0.028072472661733627
      ],
      [
        0.15,
        0.05,
        0.007551
      ]
    ],
    "relative_distances": [
      0.0,
      0.4993511897053127,
      0.6791422872011459,
      1.0
    ],
    "equidistant_distances": [
      0.0,
      0.3333333333333333,
      0.6666666666666666,
      1.0
    ],
    "mode": "rgb",
    "name": "Color Path for Label 3"
  },
  "color_mode": "relative",
  "values": [
    0.0,
    0.3333333333333333,
    0.6666666666666666,
    1.0
  ],
  "ignore_spectrum": null
}