{
  "color_path": {
    "colors": [
      [
        0.5422752499580383,
        0.5612841844558716,
        0.5162453651428223
      ],
      [
        0.6043682499580383,
        0.6509051844558715,
        0.36624536514282224
      ],
      [
        0.7397916793823242,
        0.5923839807510376,
        0.4982568323612213
      ],
      [
        0.8752146422863006,
        0.7094270467758178,
        0.29409706890583037
      ]
    ],
    "base_color": [
      0.5422752499580383,
      0.5612841844558716,
      0.5162453651428223
    ],
    "relative_colors": [
      [
        0.0,
        0.0,
        0.0
      ],
      [
        0.062093,
        0.089621,
        -0.15
      ],
      [
        0.19751642942428582,
        0.031099796295166016,
        -0.017988532781600952
      ],
      [
        0.3329393923282623,
        0.14814286231994622,
        -0.2221482962369919
      ]
    ],
    "relative_distances": [
      0.0,
      0.2831468783858199,
      0.5854247371111029,
      1.0
    ],
    "equidistant_distances": [
      0.0,
      0.3333333333333333,
      0.6666666666666666,
      1.0
    ],
    "mode": "rgb",
    "name": "Color Path for Label 4"
  },
  "color_mode": "relative",
  "values": [
    0.0,
    0.3333333333333333,
    0.6666666666666666,
    1.0
  ],
  "ignore_spectrum": null
}