{
    "min_color": [
        -0.6202715039253235,
        -0.5579409003257751,
        -0.716688334941864
    ],
    "max_color": [
        0.7392082810401917,
        0.6035682559013367,
        0.6519220471382141
    ],
    "color_mode": "RELATIVE"
}