{"colors": [[0.10070491582155228, 0.34100350737571716, 0.7665882110595703], [0.173891668021679, 0.32630206942558293, 0.7110321015119553], [0.3416294559836388, 0.49042192101478577, 0.3830896466970444], [0.9287117138504983, 0.7366016983985901, 0.13713280558586116]], "base_color": [0.10070491582155228, 0.34100350737571716, 0.7665882110595703], "relative_colors": [[0.0, 0.0, 0.0], [0.07318675220012671, -0.014701437950134233, -0.05555610954761503], [0.24092454016208653, 0.1494184136390686, -0.38349856436252594], [0.8280067980289461, 0.39559819102287297, -0.6294554054737092]], "relative_distances": [0.0, 0.07894022731674076, 0.42103808333645315, 1.0], "equidistant_distances": [0.0, 0.3333333333333333, 0.6666666666666666, 1.0], "mode": "rgb", "name": "Color Path for Label 3"}