{"colors": [[0.07990714907646179, 0.23413561284542084, 0.48658934235572815], [0.12784505262970924, 0.2662449814379215, 0.37033840268850327], [0.49041396379470825, 0.4075182378292084, 0.32911136746406555], [0.6930565923452378, 0.4911548972129822, 0.16395303010940554]], "base_color": [0.07990714907646179, 0.23413561284542084, 0.48658934235572815], "relative_colors": [[0.0, 0.0, 0.0], [0.04793790355324745, 0.03210936859250069, -0.11625093966722488], [0.41050681471824646, 0.17338262498378754, -0.1574779748916626], [0.613149443268776, 0.2570192843675614, -0.3226363122463226]], "relative_distances": [0.0, 0.1631338559445088, 0.6549893554623775, 1.0], "equidistant_distances": [0.0, 0.3333333333333333, 0.6666666666666666, 1.0], "mode": "rgb", "name": "Color Path for Label 3"}