{"colors": [[0.023953162133693695, 0.04003463685512543, 0.11287392675876617], [0.028158866800367832, 0.042929233284667134, 0.057994455099105835], [0.0618251621336937, 0.04620463685512543, 0.04820092675876618], [0.09272832423448563, 0.08308956399559975, 0.03463003784418106]], "base_color": [0.023953162133693695, 0.04003463685512543, 0.11287392675876617], "relative_colors": [[0.0, 0.0, 0.0], [0.004205704666674137, 0.002894596429541707, -0.05487947165966034], [0.037872, 0.00617, -0.064673], [0.06877516210079193, 0.04305492714047432, -0.07824388891458511]], "relative_distances": [0.0, 0.3927696466642956, 0.6437144403357249, 1.0], "equidistant_distances": [0.0, 0.3333333333333333, 0.6666666666666666, 1.0], "mode": "rgb", "name": "Color Path for Label 6"}