{"colors": [[0.0, 0.0, 0.0], [0.031207570433616605, 0.030187001824378945, 0.001141166687011752], [-0.08518080413341522, -0.026521068811416637, 0.05510407984256743], [-0.08518080413341522, -0.026521068811416637, 0.16302990615367896]], "base_color": [0.0, 0.0, 0.0], "relative_colors": [[0.0, 0.0, 0.0], [0.031207570433616605, 0.030187001824378945, 0.001141166687011752], [-0.08518080413341522, -0.026521068811416637, 0.05510407984256743], [-0.08518080413341522, -0.026521068811416637, 0.16302990615367896]], "relative_distances": [0.0, 0.14893689886069597, 0.6299139104984307, 1.0], "equidistant_distances": [0.0, 0.3333333333333333, 0.6666666666666666, 1.0], "mode": "rgb", "name": "Color Path for Label 2"}