supports,values
0.0,0.0
0.333333333333,0.0341592144373
0.666666666667,0.4
1.0,0.829066595476
