supports,values
0.0,0.0
0.333333333333,0.0479053466458
0.666666666667,0.35
1.0,0.57
