supports,values
0.0,0.0
0.333333333333,0.0644463754468
0.666666666667,0.27
1.0,0.56
