{
  "color_path": {
    "colors": [
      [
        0.0,
        0.0,
        0.0
      ],
      [
        -0.01068214178085325,
        -0.014701437950134233,
        0.02642950415611267
      ],
      [
        -0.01068214178085325,
        -0.09676136374473576,
        -0.05555610954761503
      ],
      [
        -0.01068214178085325,
        -0.09676136374473576,
        -0.13754172325134273
      ]
    ],
    "base_color": [
      0.0,
      0.0,
      0.0
    ],
    "relative_colors": [
      [
        0.0,
        0.0,
        0.0
      ],
      [
        -0.01068214178085325,
        -0.014701437950134233,
        0.02642950415611267
      ],
      [
        -0.01068214178085325,
        -0.09676136374473576,
        -0.05555610954761503
      ],
      [
        -0.01068214178085325,
        -0.09676136374473576,
        -0.13754172325134273
      ]
    ],
    "relative_distances": [
      0.0,
      0.13941844607846554,
      0.6436300792084718,
      1.0
    ],
    "equidistant_distances": [
      0.0,
      0.3333333333333333,
      0.6666666666666666,
      1.0
    ],
    "mode": "rgb",
    "name": "Color Path for Label 2"
  },
  "color_mode": "relative",
  "values": [
    0.0,
    0.3333333333333333,
    0.6666666666666666,
    1.0
  ],
  "ignore_spectrum": null
}