{
  "color_path": {
    "colors": [
      [
        0.04220692440867424,
        0.11592952907085419,
        0.37883177399635315
      ],
      [
        0.11539367660880095,
        0.18328801691532137,
        0.1593044370412826
      ],
      [
        0.8702137224376203,
        0.5115277200937272,
        -0.08665240406990049
      ],
      [
        0.9540826164186,
        0.9218273490667344,
        0.8971749603748322
      ]
    ],
    "base_color": [
      0.04220692440867424,
      0.11592952907085419,
      0.37883177399635315
    ],
    "relative_colors": [
      [
        0.0,
        0.0,
        0.0
      ],
      [
        0.07318675220012671,
        0.06735848784446719,
        -0.21952733695507054
      ],
      [
        0.8280067980289461,
        0.39559819102287297,
        -0.46548417806625364
      ],
      [
        0.9118756920099258,
        0.8058978199958802,
        0.5183431863784791
      ]
    ],
    "relative_distances": [
      0.0,
      0.11109907453659183,
      0.5071042054832102,
      1.0
    ],
    "equidistant_distances": [
      0.0,
      0.3333333333333333,
      0.6666666666666666,
      1.0
    ],
    "mode": "rgb",
    "name": "Color Path for Label 5"
  },
  "color_mode": "relative",
  "values": [
    0.0,
    0.3333333333333333,
    0.6666666666666666,
    1.0
  ],
  "ignore_spectrum": null
}