{
  "color_path": {
    "colors": [
      [
        0.02637196145951748,
        0.0518035888671875,
        0.20083656907081604
      ],
      [
        0.03626089822500944,
        0.05862254370003939,
        0.1137772798538208
      ],
      [
        0.07166528142988682,
        0.0830753967165947,
        0.08330812305212021
      ],
      [
        0.3816764112561941,
        0.16462507843971252,
        0.051808521151542664
      ]
    ],
    "base_color": [
      0.02637196145951748,
      0.0518035888671875,
      0.20083656907081604
    ],
    "relative_colors": [
      [
        0.0,
        0.0,
        0.0
      ],
      [
        0.009888936765491962,
        0.006818954832851887,
        -0.08705928921699524
      ],
      [
        0.04529331997036934,
        0.031271807849407196,
        -0.11752844601869583
      ],
      [
        0.35530444979667664,
        0.11282148957252502,
        -0.14902804791927338
      ]
    ],
    "relative_distances": [
      0.0,
      0.1899336257173973,
      0.30387909925946277,
      1.0
    ],
    "equidistant_distances": [
      0.0,
      0.3333333333333333,
      0.6666666666666666,
      1.0
    ],
    "mode": "rgb",
    "name": "Color Path for Label 7"
  },
  "color_mode": "relative",
  "values": [
    0.0,
    0.3333333333333333,
    0.6666666666666666,
    1.0
  ],
  "ignore_spectrum": null
}