{
  "color_path": {
    "colors": [
      [
        0.044541485607624054,
        0.06881078332662582,
        0.20240812003612518
      ],
      [
        0.20922958105802536,
        0.1625359207391739,
        0.013605698943138123
      ],
      [
        0.6479473188519478,
        0.3559268042445183,
        0.04017847776412964
      ],
      [
        0.8196591213345528,
        0.7599977478384972,
        0.584734782576561
      ]
    ],
    "base_color": [
      0.044541485607624054,
      0.06881078332662582,
      0.20240812003612518
    ],
    "relative_colors": [
      [
        0.0,
        0.0,
        0.0
      ],
      [
        0.1646880954504013,
        0.09372513741254807,
        -0.18880242109298706
      ],
      [
        0.6034058332443237,
        0.28711602091789246,
        -0.16222964227199554
      ],
      [
        0.7751176357269287,
        0.6911869645118713,
        0.3823266625404358
      ]
    ],
    "relative_distances": [
      0.0,
      0.18483790751549903,
      0.5166464795790872,
      1.0
    ],
    "equidistant_distances": [
      0.0,
      0.3333333333333333,
      0.6666666666666666,
      1.0
    ],
    "mode": "rgb",
    "name": "Color Path for Label 6"
  },
  "color_mode": "relative",
  "values": [
    0.0,
    0.3333333333333333,
    0.6666666666666666,
    1.0
  ],
  "ignore_spectrum": null
}