{
  "color_path": {
    "colors": [
      [
        0.06982050836086273,
        0.23914232850074768,
        0.6299400329589844
      ],
      [
        0.394613942503929,
        0.3885607421398163,
        0.16445585489273074
      ],
      [
        0.8139585083608627,
        0.7168003285007477,
        -0.005049967041015679
      ],
      [
        0.9816962003707885,
        0.880920296907425,
        0.41041269600391383
      ]
    ],
    "base_color": [
      0.06982050836086273,
      0.23914232850074768,
      0.6299400329589844
    ],
    "relative_colors": [
      [
        0.0,
        0.0,
        0.0
      ],
      [
        0.3247934341430663,
        0.1494184136390686,
        -0.46548417806625364
      ],
      [
        0.744138,
        0.477658,
        -0.63499
      ],
      [
        0.9118756920099258,
        0.6417779684066773,
        -0.21952733695507054
      ]
    ],
    "relative_distances": [
      0.0,
      0.3616462100663856,
      0.705993327003227,
      1.0
    ],
    "equidistant_distances": [
      0.0,
      0.3333333333333333,
      0.6666666666666666,
      1.0
    ],
    "mode": "rgb",
    "name": "Color Path for Label 4"
  },
  "color_mode": "relative",
  "values": [
    0.0,
    0.3333333333333333,
    0.6666666666666666,
    1.0
  ],
  "ignore_spectrum": null
}