{
  "color_path": {
    "colors": [
      [
        0.02622811868786812,
        0.04419291019439697,
        0.12341216206550598
      ],
      [
        0.13703205063939095,
        0.06233714520931244,
        0.033267673850059576
      ],
      [
        0.16949011868786812,
        0.10025491019439697,
        -0.008190837934494016
      ],
      [
        0.31346631124615665,
        0.14939269423484802,
        -0.05324227213859556
      ]
    ],
    "base_color": [
      0.02622811868786812,
      0.04419291019439697,
      0.12341216206550598
    ],
    "relative_colors": [
      [
        0.0,
        0.0,
        0.0
      ],
      [
        0.11080393195152283,
        0.018144235014915466,
        -0.0901444882154464
      ],
      [
        0.143262,
        0.056062,
        -0.131603
      ],
      [
        0.28723819255828853,
        0.10519978404045105,
        -0.17665443420410154
      ]
    ],
    "relative_distances": [
      0.0,
      0.3917688598192789,
      0.5683105085485975,
      1.0
    ],
    "equidistant_distances": [
      0.0,
      0.3333333333333333,
      0.6666666666666666,
      1.0
    ],
    "mode": "rgb",
    "name": "Color Path for Label 7"
  },
  "color_mode": "relative",
  "values": [
    0.0,
    0.3333333333333333,
    0.6666666666666666,
    1.0
  ],
  "ignore_spectrum": null
}