{
  "color_path": {
    "colors": [
      [
        0.10635868459939957,
        0.3469851315021515,
        0.7657678723335266
      ],
      [
        0.2171626165509224,
        0.36512936651706696,
        0.5891134381294251
      ],
      [
        0.48181400746107106,
        0.45218491554260254,
        0.4160935461521148
      ],
      [
        0.8346825286746025,
        0.7133515626192093,
        0.3295836001634598
      ]
    ],
    "base_color": [
      0.10635868459939957,
      0.3469851315021515,
      0.7657678723335266
    ],
    "relative_colors": [
      [
        0.0,
        0.0,
        0.0
      ],
      [
        0.11080393195152283,
        0.018144235014915466,
        -0.17665443420410154
      ],
      [
        0.3754553228616715,
        0.10519978404045105,
        -0.3496743261814118
      ],
      [
        0.7283238440752029,
        0.3663664311170578,
        -0.43618427217006683
      ]
    ],
    "relative_distances": [
      0.0,
      0.21256504427349668,
      0.5456100511427007,
      1.0
    ],
    "equidistant_distances": [
      0.0,
      0.3333333333333333,
      0.6666666666666666,
      1.0
    ],
    "mode": "rgb",
    "name": "Color Path for Label 3"
  },
  "color_mode": "relative",
  "values": [
    0.0,
    0.3333333333333333,
    0.6666666666666666,
    1.0
  ],
  "ignore_spectrum": null
}