{
  "color_path": {
    "colors": [
      [
        0.0,
        0.0,
        0.0
      ],
      [
        0.022586801648139976,
        0.018144235014915466,
        -0.0901444882154464
      ],
      [
        -0.06563032865524288,
        0.018144235014915466,
        -0.003634542226791382
      ],
      [
        -0.06563032865524288,
        -0.06891131401062012,
        -0.0901444882154464
      ]
    ],
    "base_color": [
      0.0,
      0.0,
      0.0
    ],
    "relative_colors": [
      [
        0.0,
        0.0,
        0.0
      ],
      [
        0.022586801648139976,
        0.018144235014915466,
        -0.0901444882154464
      ],
      [
        -0.06563032865524288,
        0.018144235014915466,
        -0.003634542226791382
      ],
      [
        -0.06563032865524288,
        -0.06891131401062012,
        -0.0901444882154464
      ]
    ],
    "relative_distances": [
      0.0,
      0.27769354546547764,
      0.6400589718546756,
      1.0
    ],
    "equidistant_distances": [
      0.0,
      0.3333333333333333,
      0.6666666666666666,
      1.0
    ],
    "mode": "rgb",
    "name": "Color Path for Label 2"
  },
  "color_mode": "relative",
  "values": [
    0.0,
    0.3333333333333333,
    0.6666666666666666,
    1.0
  ],
  "ignore_spectrum": null
}