{
  "color_path": {
    "colors": [
      [
        0.047901395708322525,
        0.07602081447839737,
        0.22668775916099548
      ],
      [
        0.14669432863593102,
        0.13229386880993843,
        0.11469907313585281
      ],
      [
        0.5566489137709141,
        0.251535527408123,
        0.07256455719470978
      ],
      [
        0.809047345072031,
        0.7910632267594337,
        0.7040387094020844
      ]
    ],
    "base_color": [
      0.047901395708322525,
      0.07602081447839737,
      0.22668775916099548
    ],
    "relative_colors": [
      [
        0.0,
        0.0,
        0.0
      ],
      [
        0.09879293292760849,
        0.05627305433154106,
        -0.11198868602514267
      ],
      [
        0.5087475180625916,
        0.17551471292972565,
        -0.1541232019662857
      ],
      [
        0.7611459493637085,
        0.7150424122810364,
        0.47735095024108887
      ]
    ],
    "relative_distances": [
      0.0,
      0.10955554771331039,
      0.40407317812440097,
      1.0
    ],
    "equidistant_distances": [
      0.0,
      0.3333333333333333,
      0.6666666666666666,
      1.0
    ],
    "mode": "rgb",
    "name": "Color Path for Label 6"
  },
  "color_mode": "relative",
  "values": [
    0.0,
    0.3333333333333333,
    0.6666666666666666,
    1.0
  ],
  "ignore_spectrum": null
}