{"colors": [[0.039735082536935806, 0.054410532116889954, 0.08511878550052643], [0.2645190395414829, 0.12400999665260315, 0.043326009064912796], [0.5890362896025181, 0.34805868566036224, 0.04909079894423485], [0.6693034805357456, 0.56900854408741, 0.3833814710378647]], "base_color": [0.039735082536935806, 0.054410532116889954, 0.08511878550052643], "relative_colors": [[0.0, 0.0, 0.0], [0.22478395700454712, 0.0695994645357132, -0.04179277643561363], [0.5493012070655823, 0.2936481535434723, -0.03602798655629158], [0.6295683979988098, 0.51459801197052, 0.29826268553733826]], "relative_distances": [0.0, 0.22934967602004866, 0.6078219558622601, 1.0], "equidistant_distances": [0.0, 0.3333333333333333, 0.6666666666666666, 1.0], "mode": "rgb", "name": "Color Path for Label 5"}