{"colors": [[0.07339996099472046, 0.23482395708560944, 0.5120433568954468], [0.1431789994239807, 0.3317093014717103, 0.2536710023880005], [0.513661801815033, 0.3317093014717103, 0.2536710023880005], [0.5648956000804901, 0.439938023686409, 0.2084994912147522]], "base_color": [0.07339996099472046, 0.23482395708560944, 0.5120433568954468], "relative_colors": [[0.0, 0.0, 0.0], [0.06977903842926025, 0.09688534438610086, -0.2583723545074463], [0.4402618408203125, 0.09688534438610086, -0.2583723545074463], [0.49149563908576965, 0.20511406660079956, -0.3035438656806946]], "relative_distances": [0.0, 0.36346618764223637, 0.8365705678892947, 1.0], "equidistant_distances": [0.0, 0.3333333333333333, 0.6666666666666666, 1.0], "mode": "rgb", "name": "Color Path for Label 3"}