{"colors": [[0.0, 0.0, 0.0], [0.06977903842926025, -0.05126853883266447, 0.0089033842086792], [0.14387559890747081, 0.02280840277671814, 0.0089033842086792], [0.4402618408203125, 0.3931931108236313, 0.34299805760383606]], "base_color": [0.0, 0.0, 0.0], "relative_colors": [[0.0, 0.0, 0.0], [0.06977903842926025, -0.05126853883266447, 0.0089033842086792], [0.14387559890747081, 0.02280840277671814, 0.0089033842086792], [0.4402618408203125, 0.3931931108236313, 0.34299805760383606]], "relative_distances": [0.0, 0.1127477263913927, 0.24845998254524998, 1.0], "equidistant_distances": [0.0, 0.3333333333333333, 0.6666666666666666, 1.0], "mode": "rgb", "name": "Color Path for Label 2"}