{"colors": [[0.026038769632577896, 0.042109645903110504, 0.11313586682081223], [0.048705898225307465, 0.05782911740243435, 0.04013460874557495], [0.15592699125409126, 0.0997336320579052, 0.009397655725479126], [0.3012395240366459, 0.12758179008960724, -0.013717032968997955]], "base_color": [0.026038769632577896, 0.042109645903110504, 0.11313586682081223], "relative_colors": [[0.0, 0.0, 0.0], [0.02266712859272957, 0.015719471499323845, -0.07300125807523727], [0.12988822162151337, 0.05762398615479469, -0.1037382110953331], [0.275200754404068, 0.08547214418649673, -0.12685289978981018]], "relative_distances": [0.0, 0.22493368271307407, 0.5683673292369829, 1.0], "equidistant_distances": [0.0, 0.3333333333333333, 0.6666666666666666, 1.0], "mode": "rgb", "name": "Color Path for Label 6"}