{"colors": [[0.039322808384895325, 0.05502842739224434, 0.11496947705745697], [0.12564630806446075, 0.10036173835396767, 0.024671174585819244], [0.5217332988977432, 0.25452442839741707, 0.08064404129981995], [0.6701041609048843, 0.573545265942812, 0.37969647347927094]], "base_color": [0.039322808384895325, 0.05502842739224434, 0.11496947705745697], "relative_colors": [[0.0, 0.0, 0.0], [0.08632349967956543, 0.04533331096172333, -0.09029830247163773], [0.4824104905128479, 0.19949600100517273, -0.034325435757637024], [0.630781352519989, 0.5185168385505676, 0.26472699642181396]], "relative_distances": [0.0, 0.12986084966387745, 0.5487787163327777, 1.0], "equidistant_distances": [0.0, 0.3333333333333333, 0.6666666666666666, 1.0], "mode": "rgb", "name": "Color Path for Label 5"}