{"colors": [[0.0, 0.0, 0.0], [-0.004317522048950195, -0.05126853883266447, 0.07572231888771064], [0.21797215938568115, 0.17096228599548335, 0.0089033842086792], [0.36616528034210205, 0.3931931108236313, 0.34299805760383606]], "base_color": [0.0, 0.0, 0.0], "relative_colors": [[0.0, 0.0, 0.0], [-0.004317522048950195, -0.05126853883266447, 0.07572231888771064], [0.21797215938568115, 0.17096228599548335, 0.0089033842086792], [0.36616528034210205, 0.3931931108236313, 0.34299805760383606]], "relative_distances": [0.0, 0.10890217164344079, 0.4911665235590844, 1.0], "equidistant_distances": [0.0, 0.3333333333333333, 0.6666666666666666, 1.0], "mode": "rgb", "name": "Color Path for Label 1"}