supports,values
0.0,0.0
0.333333333333,0.132443146392
0.666666666667,0.36
1.0,0.73
