{"colors": [[0.05701665207743645, 0.1885668784379959, 0.41808760166168213], [0.09585643336176874, 0.17258109152317047, 0.4140662491321564], [0.2372718386352063, 0.31199372112751, 0.16301341652870177], [0.5201026491820813, 0.45140635073184965, 0.16301341652870177]], "base_color": [0.05701665207743645, 0.1885668784379959, 0.41808760166168213], "relative_colors": [[0.0, 0.0, 0.0], [0.0388397812843323, -0.01598578691482544, -0.004021352529525735], [0.18025518655776984, 0.1234268426895141, -0.25507418513298036], [0.4630859971046448, 0.26283947229385374, -0.25507418513298036]], "relative_distances": [0.0, 0.06226701183852793, 0.534655093199872, 1.0], "equidistant_distances": [0.0, 0.3333333333333333, 0.6666666666666666, 1.0], "mode": "rgb", "name": "Color Path for Label 3"}