{"colors": [[0.0475824736058712, 0.16211971640586853, 0.4100109338760376], [0.0864222548902035, 0.2158402442932129, 0.2804631650447845], [0.43996076807379736, 0.2855465590953826, 0.15493674874305724], [0.510668470710516, 0.42495918869972227, 0.15493674874305724]], "base_color": [0.0475824736058712, 0.16211971640586853, 0.4100109338760376], "relative_colors": [[0.0, 0.0, 0.0], [0.0388397812843323, 0.05372052788734438, -0.12954776883125307], [0.39237829446792616, 0.1234268426895141, -0.25507418513298036], [0.4630859971046448, 0.26283947229385374, -0.25507418513298036]], "relative_distances": [0.0, 0.21293261009135658, 0.771271790777136, 1.0], "equidistant_distances": [0.0, 0.3333333333333333, 0.6666666666666666, 1.0], "mode": "rgb", "name": "Color Path for Label 4"}