{"colors": [[0.0, 0.0, 0.0], [0.0388397812843323, -0.01598578691482544, 0.058741855621337824], [0.18025518655776984, 0.19313315749168403, 0.18426827192306516], [0.39237829446792616, 0.33254578709602356, 0.3097946882247926]], "base_color": [0.0, 0.0, 0.0], "relative_colors": [[0.0, 0.0, 0.0], [0.0388397812843323, -0.01598578691482544, 0.058741855621337824], [0.18025518655776984, 0.19313315749168403, 0.18426827192306516], [0.39237829446792616, 0.33254578709602356, 0.3097946882247926]], "relative_distances": [0.0, 0.1133065542457664, 0.5556772503688511, 1.0], "equidistant_distances": [0.0, 0.3333333333333333, 0.6666666666666666, 1.0], "mode": "rgb", "name": "Color Path for Label 1"}