{"colors": [[0.027824994176626205, 0.044011615216732025, 0.13411831855773926], [0.09884302690625191, 0.08253440260887146, 0.046175532042980194], [0.3552252911031246, 0.16709054261446, 0.01800643652677536], [0.5379280410706997, 0.5115156695246696, 0.419257789850235]], "base_color": [0.027824994176626205, 0.044011615216732025, 0.13411831855773926], "relative_colors": [[0.0, 0.0, 0.0], [0.0710180327296257, 0.038522787392139435, -0.08794278651475906], [0.3274002969264984, 0.12307892739772797, -0.1161118820309639], [0.5101030468940735, 0.4675040543079376, 0.2851394712924957]], "relative_distances": [0.0, 0.1256635425561687, 0.4112825315058473, 1.0], "equidistant_distances": [0.0, 0.3333333333333333, 0.6666666666666666, 1.0], "mode": "rgb", "name": "Color Path for Label 6"}