{"colors": [[0.046160247176885605, 0.14087176322937012, 0.4612888693809509], [0.11121155694127083, 0.1775069162249565, 0.19770348072052002], [0.6265868209302425, 0.4148615896701813, 0.05917057394981384], [0.6526921652257442, 0.4659723937511444, 0.10155948996543884]], "base_color": [0.046160247176885605, 0.14087176322937012, 0.4612888693809509], "relative_colors": [[0.0, 0.0, 0.0], [0.06505130976438522, 0.036635152995586395, -0.2635853886604309], [0.5804265737533569, 0.27398982644081116, -0.4021182954311371], [0.6065319180488586, 0.3251006305217743, -0.3597293794155121]], "relative_distances": [0.0, 0.29477274692066335, 0.9232294964458354, 1.0], "equidistant_distances": [0.0, 0.3333333333333333, 0.6666666666666666, 1.0], "mode": "rgb", "name": "Color Path for Label 5"}