supports,values
0.0,0.0
0.333333333333,0.06
0.666666666667,0.42
1.0,0.72
