supports,values
0.0,0.0
0.333333333333,0.2
0.666666666667,0.72
1.0,1.0
