supports,values
0.0,0.0
0.333333333333,0.148905991241
0.666666666667,0.42
1.0,0.71
