supports,values
0.0,0.0
0.333333333333,0.49
0.666666666667,0.75
1.0,1.0
