supports,values
0.0,0.0
0.333333333333,0.109338281146
0.666666666667,0.408232496185
1.0,0.607821955862
