supports,values
0.0,0.0
0.333333333333,0.03
0.666666666667,0.05
1.0,0.25
