supports,values
0.0,0.0
0.333333333333,0.0991563393875
0.666666666667,0.398116911106
1.0,0.607821955862
