supports,values
0.0,0.0
0.333333333333,0.09
0.666666666667,0.46
1.0,0.71
