supports,values
0.0,0.0
0.333333333333,0.117256223051
0.666666666667,0.31
1.0,0.62
