supports,values
0.0,0.0
0.333333333333,0.245474654599
0.666666666667,0.352665527484
1.0,0.865447761639
