{
  "color_path": {
    "colors": [
      [
        0.18772366642951965,
        0.29339179396629333,
        0.35731929540634155
      ],
      [
        0.2498171329498291,
        0.44153465628623956,
        0.20322425365448005
      ],
      [
        0.523518830537796,
        0.4731893837451935,
        0.1710178256034851
      ],
      [
        0.6260325014591217,
        0.6687296032905579,
        0.7191401124000549
      ]
    ],
    "base_color": [
      0.18772366642951965,
      0.29339179396629333,
      0.35731929540634155
    ],
    "relative_colors": [
      [
        0.0,
        0.0,
        0.0
      ],
      [
        0.06209346652030945,
        0.14814286231994622,
        -0.1540950417518615
      ],
      [
        0.33579516410827637,
        0.17979758977890015,
        -0.18630146980285645
      ],
      [
        0.43830883502960205,
        0.3753378093242645,
        0.3618208169937134
      ]
    ],
    "relative_distances": [
      0.0,
      0.20404225708986706,
      0.4583269818643364,
      1.0
    ],
    "equidistant_distances": [
      0.0,
      0.3333333333333333,
      0.6666666666666666,
      1.0
    ],
    "mode": "rgb",
    "name": "Color Path for Label 5"
  },
  "color_mode": "relative",
  "values": [
    0.0,
    0.3333333333333333,
    0.6666666666666666,
    1.0
  ],
  "ignore_spectrum": null
}