{
  "color_path": {
    "colors": [
      [
        0.0,
        0.0,
        0.0
      ],
      [
        0.06209346652030945,
        -0.027421736717224143,
        -0.017988532781600952
      ],
      [
        0.06209346652030945,
        0.08962132930755617,
        -0.017988532781600952
      ],
      [
        0.19751642942428582,
        0.2066643953323365,
        0.18617123067379004
      ]
    ],
    "base_color": [
      0.0,
      0.0,
      0.0
    ],
    "relative_colors": [
      [
        0.0,
        0.0,
        0.0
      ],
      [
        0.06209346652030945,
        -0.027421736717224143,
        -0.017988532781600952
      ],
      [
        0.06209346652030945,
        0.08962132930755617,
        -0.017988532781600952
      ],
      [
        0.19751642942428582,
        0.2066643953323365,
        0.18617123067379004
      ]
    ],
    "relative_distances": [
      0.0,
      0.15306300382164692,
      0.4081817452954025,
      1.0
    ],
    "equidistant_distances": [
      0.0,
      0.3333333333333333,
      0.6666666666666666,
      1.0
    ],
    "mode": "rgb",
    "name": "Color Path for Label 1"
  },
  "color_mode": "relative",
  "values": [
    0.0,
    0.3333333333333333,
    0.6666666666666666,
    1.0
  ],
  "ignore_spectrum": null
}