{
  "color_path": {
    "colors": [
      [
        0.0521974079310894,
        0.20625004172325134,
        0.4261360168457031
      ],
      [
        0.07552740722894669,
        0.24251458793878555,
        0.25318872928619385
      ],
      [
        0.3771987669169903,
        0.3666556477546692,
        0.060273051261901855
      ],
      [
        0.5107293538749218,
        0.4410471171140671,
        0.12321001291275024
      ]
    ],
    "base_color": [
      0.0521974079310894,
      0.20625004172325134,
      0.4261360168457031
    ],
    "relative_colors": [
      [
        0.0,
        0.0,
        0.0
      ],
      [
        0.023329999297857285,
        0.03626454621553421,
        -0.17294728755950928
      ],
      [
        0.3250013589859009,
        0.16040560603141785,
        -0.36586296558380127
      ],
      [
        0.4585319459438324,
        0.23479707539081573,
        -0.3029260039329529
      ]
    ],
    "relative_distances": [
      0.0,
      0.24668931610247563,
      0.771216247189847,
      1.0
    ],
    "equidistant_distances": [
      0.0,
      0.3333333333333333,
      0.6666666666666666,
      1.0
    ],
    "mode": "rgb",
    "name": "Color Path for Label 6"
  },
  "color_mode": "relative",
  "values": [
    0.0,
    0.3333333333333333,
    0.6666666666666666,
    1.0
  ],
  "ignore_spectrum": null
}