{
  "color_path": {
    "colors": [
      [
        0.026362048462033272,
        0.0438135489821434,
        0.11726415902376175
      ],
      [
        0.07455755956470966,
        0.07389942370355129,
        0.028392024338245392
      ],
      [
        0.19192074425518513,
        0.12623706459999084,
        -0.03569807857275009
      ],
      [
        0.4435246754437685,
        0.18297717720270157,
        -0.07019925862550735
      ]
    ],
    "base_color": [
      0.026362048462033272,
      0.0438135489821434,
      0.11726415902376175
    ],
    "relative_colors": [
      [
        0.0,
        0.0,
        0.0
      ],
      [
        0.04819551110267639,
        0.03008587472140789,
        -0.08887213468551636
      ],
      [
        0.16555869579315186,
        0.08242351561784744,
        -0.15296223759651184
      ],
      [
        0.41716262698173523,
        0.13916362822055817,
        -0.1874634176492691
      ]
    ],
    "relative_distances": [
      0.0,
      0.20710943123665776,
      0.4890643391353635,
      1.0
    ],
    "equidistant_distances": [
      0.0,
      0.3333333333333333,
      0.6666666666666666,
      1.0
    ],
    "mode": "rgb",
    "name": "Color Path for Label 7"
  },
  "color_mode": "relative",
  "values": [
    0.0,
    0.3333333333333333,
    0.6666666666666666,
    1.0
  ],
  "ignore_spectrum": null
}