{
  "color_path": {
    "colors": [
      [
        0.10251566767692566,
        0.15203595161437988,
        0.20718874037265778
      ],
      [
        0.36565664708614354,
        0.314843088388443,
        -0.1302712857723236
      ],
      [
        0.936226511001587,
        0.5500659972429276,
        -0.2913197994232178
      ],
      [
        1.017736491560936,
        0.9421041786670685,
        0.7554955393075944
      ]
    ],
    "base_color": [
      0.10251566767692566,
      0.15203595161437988,
      0.20718874037265778
    ],
    "relative_colors": [
      [
        0.0,
        0.0,
        0.0
      ],
      [
        0.2631409794092179,
        0.1628071367740631,
        -0.3374600261449814
      ],
      [
        0.8337108433246614,
        0.3980300456285477,
        -0.49850853979587556
      ],
      [
        0.9152208238840103,
        0.7900682270526886,
        0.5483067989349366
      ]
    ],
    "relative_distances": [
      0.0,
      0.20656917521872065,
      0.4943351697255164,
      1.0
    ],
    "equidistant_distances": [
      0.0,
      0.3333333333333333,
      0.6666666666666666,
      1.0
    ],
    "mode": "rgb",
    "name": "Color Path for Label 5"
  },
  "color_mode": "relative",
  "values": [
    0.0,
    0.3333333333333333,
    0.6666666666666666,
    1.0
  ],
  "ignore_spectrum": null
}