{
  "color_path": {
    "colors": [
      [
        0.0,
        0.0,
        0.0
      ],
      [
        0.018611037731170677,
        -0.07241577208042149,
        -0.015362998843193032
      ],
      [
        0.018611037731170677,
        0.005991864204406783,
        -0.09588725566864009
      ],
      [
        -0.06289894282817843,
        -0.07241577208042149,
        -0.09588725566864009
      ]
    ],
    "base_color": [
      0.0,
      0.0,
      0.0
    ],
    "relative_colors": [
      [
        0.0,
        0.0,
        0.0
      ],
      [
        0.018611037731170677,
        -0.07241577208042149,
        -0.015362998843193032
      ],
      [
        0.018611037731170677,
        0.005991864204406783,
        -0.09588725566864009
      ],
      [
        -0.06289894282817843,
        -0.07241577208042149,
        -0.09588725566864009
      ]
    ],
    "relative_distances": [
      0.0,
      0.2529002105177288,
      0.6252766980365633,
      1.0
    ],
    "equidistant_distances": [
      0.0,
      0.3333333333333333,
      0.6666666666666666,
      1.0
    ],
    "mode": "rgb",
    "name": "Color Path for Label 2"
  },
  "color_mode": "relative",
  "values": [
    0.0,
    0.3333333333333333,
    0.6666666666666666,
    1.0
  ],
  "ignore_spectrum": null
}