{
    "min_color": [
        -0.5352346301078796,
        -0.5067334771156311,
        -0.6620816588401794
    ],
    "max_color": [
        0.95516037940979,
        0.8314242362976074,
        0.8192808032035828
    ],
    "color_mode": "RELATIVE"
}