supports,values
0.0,0.0
0.333333333333,0.0684941422946
0.666666666667,0.67
1.0,0.75
