supports,values
0.0,0.0
0.333333333333,0.119109760673
0.666666666667,0.7
1.0,0.75
