supports,values
0.0,0.0
0.333333333333,0.24
0.666666666667,0.34
1.0,0.57
