{"colors": [[0.36642661690711975, 0.559336245059967, 0.7158883810043335], [0.5721927434206009, 0.5956099852919579, 0.5964413732290268], [0.6197898983955383, 0.6131959073245525, 0.582650899887085], [0.6495462357997894, 0.635797955095768, 0.5698180496692657]], "base_color": [0.36642661690711975, 0.559336245059967, 0.7158883810043335], "relative_colors": [[0.0, 0.0, 0.0], [0.20576612651348114, 0.036273740231990814, -0.1194470077753067], [0.2533632814884186, 0.053859662264585495, -0.13323748111724854], [0.2831196188926697, 0.07646171003580093, -0.14607033133506775]], "relative_distances": [0.0, 0.7232518995740232, 0.8812696740344623, 1.0], "equidistant_distances": [0.0, 0.3333333333333333, 0.6666666666666666, 1.0], "mode": "rgb", "name": "Color Path for Label 4"}