{"colors": [[0.0, 0.0, 0.0], [-0.2226380705833435, -0.23342157900333405, -0.16867733895778658], [-0.015958559513091997, -0.10606603324413305, -0.23401193618774407], [0.32850729227066044, 0.08496728539466858, -0.4300157278776169]], "base_color": [0.0, 0.0, 0.0], "relative_colors": [[0.0, 0.0, 0.0], [-0.2226380705833435, -0.23342157900333405, -0.16867733895778658], [-0.015958559513091997, -0.10606603324413305, -0.23401193618774407], [0.32850729227066044, 0.08496728539466858, -0.4300157278776169]], "relative_distances": [0.0, 0.34491121554161985, 0.5831236491568257, 1.0], "equidistant_distances": [0.0, 0.3333333333333333, 0.6666666666666666, 1.0], "mode": "rgb", "name": "Color Path for Label 2"}