{
    "min_color": [
        -0.6334688067436218,
        -0.6212692260742188,
        -0.7400813102722168
    ],
    "max_color": [
        0.9967308044433594,
        0.946883499622345,
        0.8704038262367249
    ],
    "color_mode": "RELATIVE"
}