supports,values
0.0,0.0
0.333333333333,0.17
0.666666666667,0.58308643204
1.0,1.0
