supports,values
0.0,0.0
0.333333333333,0.281432391398
0.666666666667,0.483307840995
1.0,0.500794966242
