supports,values
0.0,0.0
0.333333333333,0.237575899855
0.666666666667,0.568536533359
1.0,1.15010334724
