supports,values
0.0,0.0
0.333333333333,0.138857918042
0.666666666667,0.445824062063
1.0,0.58308643204
