{
  "color_path": {
    "colors": [
      [
        0.3399062752723694,
        0.5973239541053772,
        0.815402090549469
      ],
      [
        0.4393061488866806,
        0.6446768939495087,
        0.7401933729648591
      ],
      [
        0.8195505082607268,
        0.8211090534925461,
        0.5816463708877564
      ],
      [
        1.123745995759964,
        1.0563519328832625,
        0.9515893757343292
      ]
    ],
    "base_color": [
      0.3399062752723694,
      0.5973239541053772,
      0.815402090549469
    ],
    "relative_colors": [
      [
        0.0,
        0.0,
        0.0
      ],
      [
        0.09939987361431124,
        0.04735293984413147,
        -0.0752087175846099
      ],
      [
        0.47964423298835746,
        0.22378509938716895,
        -0.2337557196617126
      ],
      [
        0.7838397204875946,
        0.45902797877788537,
        0.13618728518486023
      ]
    ],
    "relative_distances": [
      0.0,
      0.11957427717354624,
      0.5214775176050019,
      1.0
    ],
    "equidistant_distances": [
      0.0,
      0.3333333333333333,
      0.6666666666666666,
      1.0
    ],
    "mode": "rgb",
    "name": "Color Path for Label 5"
  },
  "color_mode": "relative",
  "values": [
    0.0,
    0.3333333333333333,
    0.6666666666666666,
    1.0
  ],
  "ignore_spectrum": null
}