{
  "color_path": {
    "colors": [
      [
        0.1658792793750763,
        0.5090577006340027,
        0.8459843397140503
      ],
      [
        0.6616664528846741,
        0.6767671257257462,
        0.41661834716796875
      ],
      [
        0.7965550124645233,
        0.7669629752635956,
        0.39686837792396545
      ],
      [
        0.8808356821537018,
        0.9519975185394287,
        0.9563821405172348
      ]
    ],
    "base_color": [
      0.1658792793750763,
      0.5090577006340027,
      0.8459843397140503
    ],
    "relative_colors": [
      [
        0.0,
        0.0,
        0.0
      ],
      [
        0.4957871735095978,
        0.16770942509174347,
        -0.42936599254608154
      ],
      [
        0.630675733089447,
        0.2579052746295929,
        -0.44911596179008484
      ],
      [
        0.7149564027786255,
        0.442939817905426,
        0.11039780080318451
      ]
    ],
    "relative_distances": [
      0.0,
      0.4715105989652257,
      0.5853633121274241,
      1.0
    ],
    "equidistant_distances": [
      0.0,
      0.3333333333333333,
      0.6666666666666666,
      1.0
    ],
    "mode": "rgb",
    "name": "Color Path for Label 6"
  },
  "color_mode": "relative",
  "values": [
    0.0,
    0.3333333333333333,
    0.6666666666666666,
    1.0
  ],
  "ignore_spectrum": null
}