{
  "color_path": {
    "colors": [
      [
        0.5634317994117737,
        0.7423757314682007,
        0.876995861530304
      ],
      [
        0.694573163986206,
        0.7761779464781284,
        0.8294899165630341
      ],
      [
        0.7866079807281494,
        0.8081418424844742,
        0.7916235700249672
      ],
      [
        0.8219067454338074,
        0.8304009065032005,
        0.7956330701708794
      ]
    ],
    "base_color": [
      0.5634317994117737,
      0.7423757314682007,
      0.876995861530304
    ],
    "relative_colors": [
      [
        0.0,
        0.0,
        0.0
      ],
      [
        0.13114136457443237,
        0.03380221500992775,
        -0.0475059449672699
      ],
      [
        0.22317618131637573,
        0.0657661110162735,
        -0.08537229150533676
      ],
      [
        0.2584749460220337,
        0.08802517503499985,
        -0.08136279135942459
      ]
    ],
    "relative_distances": [
      0.0,
      0.4949438795110425,
      0.8554219689476921,
      1.0
    ],
    "equidistant_distances": [
      0.0,
      0.3333333333333333,
      0.6666666666666666,
      1.0
    ],
    "mode": "rgb",
    "name": "Color Path for Label 4"
  },
  "color_mode": "relative",
  "values": [
    0.0,
    0.3333333333333333,
    0.6666666666666666,
    1.0
  ],
  "ignore_spectrum": null
}