{
  "color_path": {
    "colors": [
      [
        0.0,
        0.0,
        0.0
      ],
      [
        -0.052697870135307356,
        -0.01145778000354769,
        -0.022359716892242476
      ],
      [
        -0.1287467420101166,
        -0.0702684998512268,
        -0.022359716892242476
      ],
      [
        -0.052697870135307356,
        -0.0702684998512268,
        -0.18090671896934507
      ]
    ],
    "base_color": [
      0.0,
      0.0,
      0.0
    ],
    "relative_colors": [
      [
        0.0,
        0.0,
        0.0
      ],
      [
        -0.052697870135307356,
        -0.01145778000354769,
        -0.022359716892242476
      ],
      [
        -0.1287467420101166,
        -0.0702684998512268,
        -0.022359716892242476
      ],
      [
        -0.052697870135307356,
        -0.0702684998512268,
        -0.18090671896934507
      ]
    ],
    "relative_distances": [
      0.0,
      0.17671879306390284,
      0.4677232918394576,
      1.0
    ],
    "equidistant_distances": [
      0.0,
      0.3333333333333333,
      0.6666666666666666,
      1.0
    ],
    "mode": "rgb",
    "name": "Color Path for Label 2"
  },
  "color_mode": "relative",
  "values": [
    0.0,
    0.3333333333333333,
    0.6666666666666666,
    1.0
  ],
  "ignore_spectrum": null
}