{"colors": [[0.12575925886631012, 0.20550261437892914, 0.2614099085330963], [0.29324673116207123, 0.25143955275416374, 0.005678445100784302], [0.4257592588663101, 0.40550261437892915, -0.1306000914669037], [0.6573263555765152, 0.428256630897522, 0.0238858163356781]], "base_color": [0.12575925886631012, 0.20550261437892914, 0.2614099085330963], "relative_colors": [[0.0, 0.0, 0.0], [0.1674874722957611, 0.045936938375234604, -0.255731463432312], [0.3, 0.2, -0.39201], [0.5315670967102051, 0.22275401651859283, -0.2375240921974182]], "relative_distances": [0.0, 0.3710573612374181, 0.6647507929498824, 1.0], "equidistant_distances": [0.0, 0.3333333333333333, 0.6666666666666666, 1.0], "mode": "rgb", "name": "Color Path for Label 4"}