{
  "color_path": {
    "colors": [
      [
        0.0,
        0.0,
        0.0
      ],
      [
        -0.0030056595802306907,
        0.02199408113956458,
        -0.07626407295465465
      ],
      [
        -0.0030056595802306907,
        0.02199408113956458,
        -0.12120018899440765
      ],
      [
        -0.0761501312255859,
        -0.09312751591205592,
        -0.07626407295465465
      ]
    ],
    "base_color": [
      0.0,
      0.0,
      0.0
    ],
    "relative_colors": [
      [
        0.0,
        0.0,
        0.0
      ],
      [
        -0.0030056595802306907,
        0.02199408113956458,
        -0.07626407295465465
      ],
      [
        -0.0030056595802306907,
        0.02199408113956458,
        -0.12120018899440765
      ],
      [
        -0.0761501312255859,
        -0.09312751591205592,
        -0.07626407295465465
      ]
    ],
    "relative_distances": [
      0.0,
      0.29641036408346977,
      0.4641011725781297,
      1.0
    ],
    "equidistant_distances": [
      0.0,
      0.3333333333333333,
      0.6666666666666666,
      1.0
    ],
    "mode": "rgb",
    "name": "Color Path for Label 2"
  },
  "color_mode": "relative",
  "values": [
    0.0,
    0.3333333333333333,
    0.6666666666666666,
    1.0
  ],
  "ignore_spectrum": null
}