{
  "color_path": {
    "colors": [
      [
        0.14036765694618225,
        0.42878463864326477,
        0.7113704681396484
      ],
      [
        0.3455265611410141,
        0.5294221043586731,
        0.4629325419664383
      ],
      [
        0.692889004945755,
        0.6772299855947495,
        0.36215904355049133
      ],
      [
        0.7340621650218964,
        0.7790906131267548,
        0.7688419222831726
      ]
    ],
    "base_color": [
      0.14036765694618225,
      0.42878463864326477,
      0.7113704681396484
    ],
    "relative_colors": [
      [
        0.0,
        0.0,
        0.0
      ],
      [
        0.20515890419483185,
        0.10063746571540833,
        -0.24843792617321014
      ],
      [
        0.5525213479995728,
        0.24844534695148468,
        -0.3492114245891571
      ],
      [
        0.5936945080757141,
        0.35030597448349,
        0.05747145414352417
      ]
    ],
    "relative_distances": [
      0.0,
      0.2936403965069487,
      0.6335361794126853,
      1.0
    ],
    "equidistant_distances": [
      0.0,
      0.3333333333333333,
      0.6666666666666666,
      1.0
    ],
    "mode": "rgb",
    "name": "Color Path for Label 6"
  },
  "color_mode": "relative",
  "values": [
    0.0,
    0.3333333333333333,
    0.6666666666666666,
    1.0
  ],
  "ignore_spectrum": null
}