{
  "color_path": {
    "colors": [
      [
        0.0,
        0.0,
        0.0
      ],
      [
        -0.0030056595802306907,
        0.02199408113956458,
        -0.031327956914901756
      ],
      [
        -0.0030056595802306907,
        0.02199408113956458,
        -0.07626407295465465
      ],
      [
        -0.0030056595802306907,
        -0.03556671738624573,
        -0.1661363050341606
      ]
    ],
    "base_color": [
      0.0,
      0.0,
      0.0
    ],
    "relative_colors": [
      [
        0.0,
        0.0,
        0.0
      ],
      [
        -0.0030056595802306907,
        0.02199408113956458,
        -0.031327956914901756
      ],
      [
        -0.0030056595802306907,
        0.02199408113956458,
        -0.07626407295465465
      ],
      [
        -0.0030056595802306907,
        -0.03556671738624573,
        -0.1661363050341606
      ]
    ],
    "relative_distances": [
      0.0,
      0.2020211947678249,
      0.43845639340394327,
      1.0
    ],
    "equidistant_distances": [
      0.0,
      0.3333333333333333,
      0.6666666666666666,
      1.0
    ],
    "mode": "rgb",
    "name": "Color Path for Label 1"
  },
  "color_mode": "relative",
  "values": [
    0.0,
    0.3333333333333333,
    0.6666666666666666,
    1.0
  ],
  "ignore_spectrum": null
}