{
  "color_path": {
    "colors": [
      [
        0.13073526322841644,
        0.4106420874595642,
        0.8202446699142456
      ],
      [
        0.17824526876211166,
        0.46063195541501045,
        0.6913212984800339
      ],
      [
        0.5552642494440079,
        0.5573330372571945,
        0.47279056906700134
      ],
      [
        0.664008304476738,
        0.5951481461524963,
        0.4152100682258606
      ]
    ],
    "base_color": [
      0.13073526322841644,
      0.4106420874595642,
      0.8202446699142456
    ],
    "relative_colors": [
      [
        0.0,
        0.0,
        0.0
      ],
      [
        0.04751000553369522,
        0.04998986795544624,
        -0.12892337143421173
      ],
      [
        0.42452898621559143,
        0.1466909497976303,
        -0.34745410084724426
      ],
      [
        0.5332730412483215,
        0.18450605869293213,
        -0.405034601688385
      ]
    ],
    "relative_distances": [
      0.0,
      0.20270033944613097,
      0.8215370403413182,
      1.0
    ],
    "equidistant_distances": [
      0.0,
      0.3333333333333333,
      0.6666666666666666,
      1.0
    ],
    "mode": "rgb",
    "name": "Color Path for Label 7"
  },
  "color_mode": "relative",
  "values": [
    0.0,
    0.3333333333333333,
    0.6666666666666666,
    1.0
  ],
  "ignore_spectrum": null
}