{"colors": [[0.18772366642951965, 0.29339179396629333, 0.35731929540634155], [0.43772366642951965, 0.5170027939662933, -0.035052704593658446], [0.7305638492107391, 0.5655833184719086, -0.0441288948059082], [0.5910843908786774, 0.6692105829715729, 0.7846744060516357]], "base_color": [0.18772366642951965, 0.29339179396629333, 0.35731929540634155], "relative_colors": [[0.0, 0.0, 0.0], [0.25, 0.223611, -0.392372], [0.5428401827812195, 0.27219152450561523, -0.40144819021224976], [0.4033607244491577, 0.37581878900527954, 0.4273551106452942]], "relative_distances": [0.0, 0.3109612816042073, 0.4898657247936031, 1.0], "equidistant_distances": [0.0, 0.3333333333333333, 0.6666666666666666, 1.0], "mode": "rgb", "name": "Color Path for Label 5"}