{"colors": [[0.0, 0.0, 0.0], [-0.008505600690841608, -0.03526178002357483, 0.036047375202179044], [-0.008505600690841608, -0.09333723783493042, -0.10081366300582884], [-0.21242756843566896, -0.2094881534576416, -0.16924418210983272]], "base_color": [0.0, 0.0, 0.0], "relative_colors": [[0.0, 0.0, 0.0], [-0.008505600690841608, -0.03526178002357483, 0.036047375202179044], [-0.008505600690841608, -0.09333723783493042, -0.10081366300582884], [-0.21242756843566896, -0.2094881534576416, -0.16924418210983272]], "relative_distances": [0.0, 0.11510794376713102, 0.4497568211124445, 1.0], "equidistant_distances": [0.0, 0.3333333333333333, 0.6666666666666666, 1.0], "mode": "rgb", "name": "Color Path for Label 2"}