{"colors": [[0.5422752499580383, 0.5612841844558716, 0.5162453651428223], [0.7194789797067642, 0.6092082597315311, 0.4270276054739952], [0.7332341820001602, 0.6228226386010647, 0.4442565217614174], [0.7422752499580383, 0.6148651844558716, 0.48449736514282227]], "base_color": [0.5422752499580383, 0.5612841844558716, 0.5162453651428223], "relative_colors": [[0.0, 0.0, 0.0], [0.1772037297487259, 0.04792407527565956, -0.08921775966882706], [0.1909589320421219, 0.0615384541451931, -0.07198884338140488], [0.2, 0.053581, -0.031748]], "relative_distances": [0.0, 0.7503258852388878, 0.8455814990615559, 1.0], "equidistant_distances": [0.0, 0.3333333333333333, 0.6666666666666666, 1.0], "mode": "rgb", "name": "Color Path for Label 4"}