{"colors": [[0.0, 0.0, 0.0], [-0.07647958993911741, -0.03526178002357483, 0.036047375202179044], [-0.008505600690841608, -0.09333723783493042, -0.03238314390182495], [-0.2804015576839447, -0.2675636112689972, -0.23767470121383671]], "base_color": [0.0, 0.0, 0.0], "relative_colors": [[0.0, 0.0, 0.0], [-0.07647958993911741, -0.03526178002357483, 0.036047375202179044], [-0.008505600690841608, -0.09333723783493042, -0.03238314390182495], [-0.2804015576839447, -0.2675636112689972, -0.23767470121383671]], "relative_distances": [0.0, 0.15609965093976955, 0.3479494265011775, 1.0], "equidistant_distances": [0.0, 0.3333333333333333, 0.6666666666666666, 1.0], "mode": "rgb", "name": "Color Path for Label 1"}