{"colors": [[0.4653559625148773, 0.5623018145561218, 0.6421118974685669], [0.4568503618240357, 0.5851154923439026, 0.6097287535667419], [0.5357318297028542, 0.5858503915369511, 0.6237957756966352], [0.557880699634552, 0.6033330261707306, 0.6393922583665699]], "base_color": [0.4653559625148773, 0.5623018145561218, 0.6421118974685669], "relative_colors": [[0.0, 0.0, 0.0], [-0.008505600690841608, 0.02281367778778076, -0.03238314390182495], [0.07037586718797684, 0.02354857698082924, -0.018316121771931648], [0.09252473711967468, 0.041031211614608765, -0.002719639101997018]], "relative_distances": [0.0, 0.26500372087201496, 0.7891179892869996, 1.0], "equidistant_distances": [0.0, 0.3333333333333333, 0.6666666666666666, 1.0], "mode": "rgb", "name": "Color Path for Label 3"}