{"colors": [[0.5772868990898132, 0.6596114039421082, 0.7332378625869751], [0.5985127463936806, 0.6665102220140398, 0.7236127285286784], [0.7073522359132767, 0.6922961734235287, 0.6722752191126347], [0.7508527934551239, 0.715132586658001, 0.6766181625425816]], "base_color": [0.5772868990898132, 0.6596114039421082, 0.7332378625869751], "relative_colors": [[0.0, 0.0, 0.0], [0.02122584730386734, 0.006898818071931601, -0.00962513405829668], [0.13006533682346344, 0.03268476948142052, -0.06096264347434044], [0.17356589436531067, 0.05552118271589279, -0.05661970004439354]], "relative_distances": [0.0, 0.12356870959285857, 0.7492512094278008, 1.0], "equidistant_distances": [0.0, 0.3333333333333333, 0.6666666666666666, 1.0], "mode": "rgb", "name": "Color Path for Label 3"}