{"colors": [[0.46866685152053833, 0.617686927318573, 0.7300153970718384], [0.6119501352310182, 0.6972418069839478, 0.6986874401569366], [0.8313835501670837, 0.6972418069839478, 0.6537513241171837], [0.904528021812439, 0.754802605509758, 0.5189429759979248]], "base_color": [0.46866685152053833, 0.617686927318573, 0.7300153970718384], "relative_colors": [[0.0, 0.0, 0.0], [0.14328328371047983, 0.07955487966537478, -0.031327956914901756], [0.3627166986465453, 0.07955487966537478, -0.07626407295465465], [0.43586117029190063, 0.13711567819118498, -0.21107242107391355]], "relative_distances": [0.0, 0.3008230153714939, 0.704650291600127, 1.0], "equidistant_distances": [0.0, 0.3333333333333333, 0.6666666666666666, 1.0], "mode": "rgb", "name": "Color Path for Label 4"}