{"colors": [[0.28216519951820374, 0.496120423078537, 0.6776787638664246], [0.42544848322868356, 0.5181145042181016, 0.6014146909117699], [0.7180263698101044, 0.633236101269722, 0.5115424588322639], [0.9374597847461701, 0.9210400938987733, 0.7811591550707817]], "base_color": [0.28216519951820374, 0.496120423078537, 0.6776787638664246], "relative_colors": [[0.0, 0.0, 0.0], [0.14328328371047983, 0.02199408113956458, -0.07626407295465465], [0.43586117029190063, 0.13711567819118498, -0.1661363050341606], [0.6552945852279664, 0.4249196708202363, 0.10348039120435715]], "relative_distances": [0.0, 0.17386430443937592, 0.5209631612218412, 1.0], "equidistant_distances": [0.0, 0.3333333333333333, 0.6666666666666666, 1.0], "mode": "rgb", "name": "Color Path for Label 5"}