{
    "min_color": [
        -0.5850399732589722,
        -0.5407542586326599,
        -0.6565477252006531
    ],
    "max_color": [
        0.9359374642372131,
        0.6354601383209229,
        0.400432288646698
    ],
    "color_mode": "RELATIVE"
}