{"colors": [[0.0, 0.0, 0.0], [-0.052697870135307356, -0.0702684998512268, -0.022359716892242476], [-0.052697870135307356, -0.0702684998512268, -0.0752087175846099], [-0.052697870135307356, -0.0702684998512268, -0.18090671896934507]], "base_color": [0.0, 0.0, 0.0], "relative_colors": [[0.0, 0.0, 0.0], [-0.052697870135307356, -0.0702684998512268, -0.022359716892242476], [-0.052697870135307356, -0.0702684998512268, -0.0752087175846099], [-0.052697870135307356, -0.0702684998512268, -0.18090671896934507]], "relative_distances": [0.0, 0.36372985855898254, 0.575819905705988, 1.0], "equidistant_distances": [0.0, 0.3333333333333333, 0.6666666666666666, 1.0], "mode": "rgb", "name": "Color Path for Label 1"}