{"colors": [[0.7019439935684204, 0.8003726005554199, 0.886913537979126], [0.8013438671827317, 0.7889148205518722, 0.8645538210868835], [0.8773927390575409, 0.8477255403995514, 0.8117048203945161], [0.9534416109323502, 0.9065362602472306, 0.7588558197021484]], "base_color": [0.7019439935684204, 0.8003726005554199, 0.886913537979126], "relative_colors": [[0.0, 0.0, 0.0], [0.09939987361431124, -0.01145778000354769, -0.022359716892242476], [0.17544874548912048, 0.04735293984413147, -0.0752087175846099], [0.25149761736392984, 0.10616365969181063, -0.12805771827697754]], "relative_distances": [0.0, 0.3184672873452499, 0.6592336436726247, 1.0], "equidistant_distances": [0.0, 0.3333333333333333, 0.6666666666666666, 1.0], "mode": "rgb", "name": "Color Path for Label 3"}