{"colors": [[0.12990616261959076, 0.41036292910575867, 0.8202446699142456], [0.22472688555717468, 0.481537327170372, 0.6351884007453918], [0.5956906229257584, 0.5704941153526306, 0.43731552362442017], [0.7662682384252548, 0.6352990418672562, 0.3332992494106293]], "base_color": [0.12990616261959076, 0.41036292910575867, 0.8202446699142456], "relative_colors": [[0.0, 0.0, 0.0], [0.09482072293758392, 0.07117439806461334, -0.18505626916885376], [0.4657844603061676, 0.16013118624687195, -0.38292914628982544], [0.6363620758056641, 0.2249361127614975, -0.48694542050361633]], "relative_distances": [0.0, 0.2556867768778259, 0.7556456435704343, 1.0], "equidistant_distances": [0.0, 0.3333333333333333, 0.6666666666666666, 1.0], "mode": "rgb", "name": "Color Path for Label 7"}