supports,values
0.0,0.0
0.333333333333,0.203628382386
0.666666666667,0.364801086836
1.0,0.548778716333
