{"colors": [[0.023379001766443253, 0.03797164559364319, 0.10887891799211502], [0.054775770753622055, 0.05829017050564289, 0.04599364101886749], [0.0879138745367527, 0.08388423174619675, -0.0254356786608696], [0.21423644199967384, 0.09570518508553505, 0.03452792763710022]], "base_color": [0.023379001766443253, 0.03797164559364319, 0.10887891799211502], "relative_colors": [[0.0, 0.0, 0.0], [0.0313967689871788, 0.020318524911999702, -0.06288527697324753], [0.06453487277030945, 0.04591258615255356, -0.13431459665298462], [0.1908574402332306, 0.05773353949189186, -0.0743509903550148]], "relative_distances": [0.0, 0.24693543951794114, 0.5263781797601031, 1.0], "equidistant_distances": [0.0, 0.3333333333333333, 0.6666666666666666, 1.0], "mode": "rgb", "name": "Color Path for Label 6"}