supports,values
0.0,0.0
0.333333333333,0.143096225422
0.666666666667,0.335189768795
1.0,0.64
