supports,values
0.0,0.0
0.333333333333,0.184221569771
0.666666666667,0.551997442274
1.0,1.03
