supports,values
0.0,0.0
0.333333333333,0.123674207993
0.666666666667,0.501247028391
1.0,0.71
