{"colors": [[0.3465527296066284, 0.45456454157829285, 0.2712738513946533], [0.3853411078453064, 0.47061617858707905, 0.2915996387600899], [0.6958112120628357, 0.33136609196662903, 0.017018407583236694], [0.8129753768444061, 0.4977710507810116, 0.1511959508061409]], "base_color": [0.3465527296066284, 0.45456454157829285, 0.2712738513946533], "relative_colors": [[0.0, 0.0, 0.0], [0.03878837823867798, 0.0160516370087862, 0.020325787365436554], [0.3492584824562073, -0.12319844961166382, -0.2542554438114166], [0.4664226472377777, 0.043206509202718735, -0.12007790058851242]], "relative_distances": [0.0, 0.06409787885378258, 0.6649933757421618, 1.0], "equidistant_distances": [0.0, 0.3333333333333333, 0.6666666666666666, 1.0], "mode": "rgb", "name": "Color Path for Label 4"}