{
    "min_color": [
        -0.7713673710823059,
        -0.7653557062149048,
        -0.8687340021133423
    ],
    "max_color": [
        0.9929752349853516,
        0.9757552742958069,
        0.8614649176597595
    ],
    "color_mode": "RELATIVE"
}