supports,values
0.0,0.0
0.333333333333,0.13
0.666666666667,0.62
1.0,1.0
