supports,values
0.0,0.0
0.333333333333,0.199462507885
0.666666666667,0.459092122368
1.0,0.548778716333
