{
  "color_path": {
    "colors": [
      [
        0.024518586695194244,
        0.07742217928171158,
        0.25949952006340027
      ],
      [
        0.2047737732529641,
        0.13114270716905596,
        0.06718854308128364
      ],
      [
        0.27548147588968275,
        0.20084902197122567,
        0.004425334930419911
      ],
      [
        0.48760458379983906,
        0.47967428117990507,
        0.44376779198646543
      ]
    ],
    "base_color": [
      0.024518586695194244,
      0.07742217928171158,
      0.25949952006340027
    ],
    "relative_colors": [
      [
        0.0,
        0.0,
        0.0
      ],
      [
        0.18025518655776984,
        0.05372052788734438,
        -0.19231097698211663
      ],
      [
        0.2509628891944885,
        0.1234268426895141,
        -0.25507418513298036
      ],
      [
        0.4630859971046448,
        0.4022521018981935,
        0.18426827192306516
      ]
    ],
    "relative_distances": [
      0.0,
      0.283638904021293,
      0.4074948750416888,
      1.0
    ],
    "equidistant_distances": [
      0.0,
      0.3333333333333333,
      0.6666666666666666,
      1.0
    ],
    "mode": "rgb",
    "name": "Color Path for Label 5"
  },
  "color_mode": "relative",
  "values": [
    0.0,
    0.3333333333333333,
    0.6666666666666666,
    1.0
  ],
  "ignore_spectrum": null
}