{
  "color_path": {
    "colors": [
      [
        0.0,
        0.0,
        0.0
      ],
      [
        -0.01359637677669523,
        0.02852960824966433,
        0.004531449079513528
      ],
      [
        -0.01359637677669523,
        -0.03837827742099764,
        -0.0695366740226745
      ],
      [
        -0.08811612725257872,
        -0.10528616309165956,
        -0.0695366740226745
      ]
    ],
    "base_color": [
      0.0,
      0.0,
      0.0
    ],
    "relative_colors": [
      [
        0.0,
        0.0,
        0.0
      ],
      [
        -0.01359637677669523,
        0.02852960824966433,
        0.004531449079513528
      ],
      [
        -0.01359637677669523,
        -0.03837827742099764,
        -0.0695366740226745
      ],
      [
        -0.08811612725257872,
        -0.10528616309165956,
        -0.0695366740226745
      ]
    ],
    "relative_distances": [
      0.0,
      0.13768183911434742,
      0.5681173123455476,
      1.0
    ],
    "equidistant_distances": [
      0.0,
      0.3333333333333333,
      0.6666666666666666,
      1.0
    ],
    "mode": "rgb",
    "name": "Color Path for Label 2"
  },
  "color_mode": "relative",
  "values": [
    0.0,
    0.3333333333333333,
    0.6666666666666666,
    1.0
  ],
  "ignore_spectrum": null
}