{
  "color_path": {
    "colors": [
      [
        0.0,
        0.0,
        0.0
      ],
      [
        -0.01359637677669523,
        0.02852960824966433,
        0.004531449079513528
      ],
      [
        0.06092337369918821,
        0.02852960824966433,
        0.004531449079513528
      ],
      [
        0.06092337369918821,
        0.02852960824966433,
        0.07859957218170166
      ]
    ],
    "base_color": [
      0.0,
      0.0,
      0.0
    ],
    "relative_colors": [
      [
        0.0,
        0.0,
        0.0
      ],
      [
        -0.01359637677669523,
        0.02852960824966433,
        0.004531449079513528
      ],
      [
        0.06092337369918821,
        0.02852960824966433,
        0.004531449079513528
      ],
      [
        0.06092337369918821,
        0.02852960824966433,
        0.07859957218170166
      ]
    ],
    "relative_distances": [
      0.0,
      0.1768663629809546,
      0.5896841236896462,
      1.0
    ],
    "equidistant_distances": [
      0.0,
      0.3333333333333333,
      0.6666666666666666,
      1.0
    ],
    "mode": "rgb",
    "name": "Color Path for Label 1"
  },
  "color_mode": "relative",
  "values": [
    0.0,
    0.3333333333333333,
    0.6666666666666666,
    1.0
  ],
  "ignore_spectrum": null
}