{
  "color_path": {
    "colors": [
      [
        0.1797196865081787,
        0.27060389518737793,
        0.15852364897727966
      ],
      [
        0.2213899865746498,
        0.2643798799254,
        0.122280552983284
      ],
      [
        0.6915786862373352,
        0.22037765756249428,
        0.02263261377811432
      ],
      [
        0.9176746010780334,
        0.7702292203903198,
        0.5737240612506866
      ]
    ],
    "base_color": [
      0.1797196865081787,
      0.27060389518737793,
      0.15852364897727966
    ],
    "relative_colors": [
      [
        0.0,
        0.0,
        0.0
      ],
      [
        0.0416703000664711,
        -0.006224015261977911,
        -0.036243095993995667
      ],
      [
        0.5118589997291565,
        -0.05022623762488365,
        -0.13589103519916534
      ],
      [
        0.7379549145698547,
        0.4996253252029419,
        0.415200412273407
      ]
    ],
    "relative_distances": [
      0.0,
      0.04120201516220532,
      0.3990138661534899,
      1.0
    ],
    "equidistant_distances": [
      0.0,
      0.3333333333333333,
      0.6666666666666666,
      1.0
    ],
    "mode": "rgb",
    "name": "Color Path for Label 5"
  },
  "color_mode": "relative",
  "values": [
    0.0,
    0.3333333333333333,
    0.6666666666666666,
    1.0
  ],
  "ignore_spectrum": null
}