{
  "color_path": {
    "colors": [
      [
        0.49942564964294434,
        0.5939181447029114,
        0.4081116020679474
      ],
      [
        0.5850305929780006,
        0.5960196759551764,
        0.4397580325603485
      ],
      [
        0.8134903907775879,
        0.6257563345134258,
        0.2099711149930954
      ],
      [
        0.8788217902183533,
        0.6442832835018635,
        0.24087455868721008
      ]
    ],
    "base_color": [
      0.49942564964294434,
      0.5939181447029114,
      0.4081116020679474
    ],
    "relative_colors": [
      [
        0.0,
        0.0,
        0.0
      ],
      [
        0.0856049433350563,
        0.0021015312522649765,
        0.03164643049240112
      ],
      [
        0.31406474113464355,
        0.03183818981051445,
        -0.198140487074852
      ],
      [
        0.37939614057540894,
        0.0503651387989521,
        -0.1672370433807373
      ]
    ],
    "relative_distances": [
      0.0,
      0.18581884284405836,
      0.8481378531519009,
      1.0
    ],
    "equidistant_distances": [
      0.0,
      0.3333333333333333,
      0.6666666666666666,
      1.0
    ],
    "mode": "rgb",
    "name": "Color Path for Label 3"
  },
  "color_mode": "relative",
  "values": [
    0.0,
    0.3333333333333333,
    0.6666666666666666,
    1.0
  ],
  "ignore_spectrum": null
}