{
  "color_path": {
    "colors": [
      [
        0.07641735672950745,
        0.11991208791732788,
        0.09040828794240952
      ],
      [
        0.14901669323444366,
        0.19073186814785004,
        0.10752053745090961
      ],
      [
        0.32548321783542633,
        0.17298971861600876,
        0.011198602616786957
      ],
      [
        0.7141924798488617,
        0.2622074633836746,
        0.05941722355782986
      ]
    ],
    "base_color": [
      0.07641735672950745,
      0.11991208791732788,
      0.09040828794240952
    ],
    "relative_colors": [
      [
        0.0,
        0.0,
        0.0
      ],
      [
        0.07259933650493622,
        0.07081978023052216,
        0.0171122495085001
      ],
      [
        0.24906586110591888,
        0.05307763069868088,
        -0.07920968532562256
      ],
      [
        0.6377751231193542,
        0.14229537546634674,
        -0.03099106438457966
      ]
    ],
    "relative_distances": [
      0.0,
      0.1456030997935274,
      0.4313118727502461,
      1.0
    ],
    "equidistant_distances": [
      0.0,
      0.3333333333333333,
      0.6666666666666666,
      1.0
    ],
    "mode": "rgb",
    "name": "Color Path for Label 7"
  },
  "color_mode": "relative",
  "values": [
    0.0,
    0.3333333333333333,
    0.6666666666666666,
    1.0
  ],
  "ignore_spectrum": null
}