{
  "color_path": {
    "colors": [
      [
        0.09229990839958191,
        0.15089353919029236,
        0.1099652349948883
      ],
      [
        0.18582643568515778,
        0.18656810745596886,
        0.05959298461675644
      ],
      [
        0.6641369760036469,
        0.18986433744430542,
        0.1127286572009325
      ],
      [
        0.8874894082546234,
        0.8067164719104767,
        0.7196538746356964
      ]
    ],
    "base_color": [
      0.09229990839958191,
      0.15089353919029236,
      0.1099652349948883
    ],
    "relative_colors": [
      [
        0.0,
        0.0,
        0.0
      ],
      [
        0.09352652728557587,
        0.0356745682656765,
        -0.050372250378131866
      ],
      [
        0.5718370676040649,
        0.03897079825401306,
        0.002763422206044197
      ],
      [
        0.7951894998550415,
        0.6558229327201843,
        0.6096886396408081
      ]
    ],
    "relative_distances": [
      0.0,
      0.07535656301753696,
      0.398992977075127,
      1.0
    ],
    "equidistant_distances": [
      0.0,
      0.3333333333333333,
      0.6666666666666666,
      1.0
    ],
    "mode": "rgb",
    "name": "Color Path for Label 6"
  },
  "color_mode": "relative",
  "values": [
    0.0,
    0.3333333333333333,
    0.6666666666666666,
    1.0
  ],
  "ignore_spectrum": null
}