{"colors": [[0.0, 0.0, 0.0], [-0.031867921352386475, -0.01598578691482544, 0.058741855621337824], [0.0388397812843323, -0.01598578691482544, 0.058741855621337824], [0.0388397812843323, 0.05372052788734438, 0.058741855621337824]], "base_color": [0.0, 0.0, 0.0], "relative_colors": [[0.0, 0.0, 0.0], [-0.031867921352386475, -0.01598578691482544, 0.058741855621337824], [0.0388397812843323, -0.01598578691482544, 0.058741855621337824], [0.0388397812843323, 0.05372052788734438, 0.058741855621337824]], "relative_distances": [0.0, 0.32857623393592955, 0.6666823066771803, 1.0], "equidistant_distances": [0.0, 0.3333333333333333, 0.6666666666666666, 1.0], "mode": "rgb", "name": "Color Path for Label 2"}