{
    "min_color": [
        -0.3761517405509949,
        -0.3667694926261902,
        -0.4305621385574341
    ],
    "max_color": [
        0.7877320051193237,
        0.7673919200897217,
        0.6486961245536804
    ],
    "color_mode": "RELATIVE"
}