supports,values
0.0,0.0
0.333333333333,0.0905635681621
0.666666666667,0.6
1.0,0.68
