supports,values
0.0,0.0
0.333333333333,0.14966965858
0.666666666667,0.37
1.0,0.585363312127
