supports,values
0.0,0.0
0.333333333333,0.0647048699258
0.666666666667,0.58
1.0,0.64
