supports,values
0.0,0.0
0.333333333333,0.122821617825
0.666666666667,0.61
1.0,0.72
