supports,values
0.0,0.0
0.333333333333,0.4
0.666666666667,0.59
1.0,1.0
