{"colors": [[0.0, 0.0, 0.0], [-0.015958559513091997, -0.10606603324413305, -0.03800814449787138], [-0.29153124094009397, -0.16974380612373352, 0.027326452732086115], [-0.42931758165359496, -0.4244548976421356, -0.4300157278776169]], "base_color": [0.0, 0.0, 0.0], "relative_colors": [[0.0, 0.0, 0.0], [-0.015958559513091997, -0.10606603324413305, -0.03800814449787138], [-0.29153124094009397, -0.16974380612373352, 0.027326452732086115], [-0.42931758165359496, -0.4244548976421356, -0.4300157278776169]], "relative_distances": [0.0, 0.12036768976868957, 0.42741638546270116, 1.0], "equidistant_distances": [0.0, 0.3333333333333333, 0.6666666666666666, 1.0], "mode": "rgb", "name": "Color Path for Label 1"}