{"colors": [[0.07934801280498505, 0.29759398102760315, 0.6880470514297485], [0.14179597049951553, 0.34988372027873993, 0.4702951908111572], [0.3329714983701706, 0.4344661235809326, 0.31658104062080383], [0.6400961726903915, 0.5684928297996521, 0.1806323528289795]], "base_color": [0.07934801280498505, 0.29759398102760315, 0.6880470514297485], "relative_colors": [[0.0, 0.0, 0.0], [0.06244795769453049, 0.05228973925113678, -0.2177518606185913], [0.25362348556518555, 0.13687214255332947, -0.3714660108089447], [0.5607481598854065, 0.27089884877204895, -0.507414698600769]], "relative_distances": [0.0, 0.27236302633333576, 0.5763508924159101, 1.0], "equidistant_distances": [0.0, 0.3333333333333333, 0.6666666666666666, 1.0], "mode": "rgb", "name": "Color Path for Label 6"}