{"colors": [[0.08571378141641617, 0.2918769121170044, 0.6384621858596802], [0.2795453444123268, 0.4148827791213989, 0.3334692418575287], [0.6540664210915565, 0.5815353691577911, 0.16925403475761414], [0.7082512155175209, 0.742367684841156, 0.704424761235714]], "base_color": [0.08571378141641617, 0.2918769121170044, 0.6384621858596802], "relative_colors": [[0.0, 0.0, 0.0], [0.19383156299591064, 0.12300586700439453, -0.3049929440021515], [0.5683526396751404, 0.28965845704078674, -0.46920815110206604], [0.6225374341011047, 0.4504907727241516, 0.06596257537603378]], "relative_distances": [0.0, 0.27566767832013567, 0.5945623629751604, 1.0], "equidistant_distances": [0.0, 0.3333333333333333, 0.6666666666666666, 1.0], "mode": "rgb", "name": "Color Path for Label 5"}