{"colors": [[0.45892810821533203, 0.6105241775512695, 0.7254307866096497], [0.5002755299210548, 0.619753634557128, 0.7068903520703316], [0.6644400507211685, 0.6569063551723957, 0.6227256208658218], [0.7356504201889038, 0.6888075917959213, 0.5845614671707153]], "base_color": [0.45892810821533203, 0.6105241775512695, 0.7254307866096497], "relative_colors": [[0.0, 0.0, 0.0], [0.04134742170572281, 0.009229457005858421, -0.018540434539318085], [0.2055119425058365, 0.046382177621126175, -0.10270516574382782], [0.2767223119735718, 0.0782834142446518, -0.14086931943893433]], "relative_distances": [0.0, 0.14393199297371007, 0.7296468709413175, 1.0], "equidistant_distances": [0.0, 0.3333333333333333, 0.6666666666666666, 1.0], "mode": "rgb", "name": "Color Path for Label 3"}