{
    "min_color": [
        -0.738944947719574,
        -0.7130489349365234,
        -0.6944166421890259
    ],
    "max_color": [
        0.6799718737602234,
        0.6810773611068726,
        0.6493725180625916
    ],
    "color_mode": "RELATIVE"
}